{ 
 "name": "LeftAtrium", 
 "description": "Left atrium segmentation",
"tensorImageSize": "3D",
"reference": "King’s College London",
"licence":"CC-BY-SA 4.0",
"relase":"1.0 04/05/2018",
"modality": { 
	 "0": "MRI"
 }, 
 "labels": { 
	 "0": "background", 
	 "1": "left atrium"
 }, 
 "numTraining": 20, 
 "numTest": 10,
 "training":[{"image":"./imagesTr/la_007.nii.gz","label":"./labelsTr/la_007.nii.gz"},{"image":"./imagesTr/la_019.nii.gz","label":"./labelsTr/la_019.nii.gz"},{"image":"./imagesTr/la_023.nii.gz","label":"./labelsTr/la_023.nii.gz"},{"image":"./imagesTr/la_005.nii.gz","label":"./labelsTr/la_005.nii.gz"},{"image":"./imagesTr/la_009.nii.gz","label":"./labelsTr/la_009.nii.gz"},{"image":"./imagesTr/la_017.nii.gz","label":"./labelsTr/la_017.nii.gz"},{"image":"./imagesTr/la_021.nii.gz","label":"./labelsTr/la_021.nii.gz"},{"image":"./imagesTr/la_029.nii.gz","label":"./labelsTr/la_029.nii.gz"},{"image":"./imagesTr/la_003.nii.gz","label":"./labelsTr/la_003.nii.gz"},{"image":"./imagesTr/la_011.nii.gz","label":"./labelsTr/la_011.nii.gz"},{"image":"./imagesTr/la_030.nii.gz","label":"./labelsTr/la_030.nii.gz"},{"image":"./imagesTr/la_022.nii.gz","label":"./labelsTr/la_022.nii.gz"},{"image":"./imagesTr/la_014.nii.gz","label":"./labelsTr/la_014.nii.gz"},{"image":"./imagesTr/la_018.nii.gz","label":"./labelsTr/la_018.nii.gz"},{"image":"./imagesTr/la_020.nii.gz","label":"./labelsTr/la_020.nii.gz"},{"image":"./imagesTr/la_004.nii.gz","label":"./labelsTr/la_004.nii.gz"},{"image":"./imagesTr/la_016.nii.gz","label":"./labelsTr/la_016.nii.gz"},{"image":"./imagesTr/la_024.nii.gz","label":"./labelsTr/la_024.nii.gz"},{"image":"./imagesTr/la_010.nii.gz","label":"./labelsTr/la_010.nii.gz"},{"image":"./imagesTr/la_026.nii.gz","label":"./labelsTr/la_026.nii.gz"}],
 "test":["./imagesTs/la_015.nii.gz","./imagesTs/la_025.nii.gz","./imagesTs/la_013.nii.gz","./imagesTs/la_001.nii.gz","./imagesTs/la_027.nii.gz","./imagesTs/la_006.nii.gz","./imagesTs/la_008.nii.gz","./imagesTs/la_012.nii.gz","./imagesTs/la_028.nii.gz","./imagesTs/la_002.nii.gz"]
 }
